employeeId,name,email


15057
2087
15376
1997
1433
2407





1354
1846
2001
2149
2462
2446
1742
4119



2481
4777/A
2453
2424
4348
4753
1435
2443
2007
2217
2360
2134
2408
2441
2450
1353
2222
4730
1451
2483
297
2423
1265
4166
4708
2254
2332
2340
2196
4764
2409
2457
4711
2138
2467
3598
4754
1986
2329
2324
2218
1713
4733
1567
2439
2474
2378
2249
4740
2337
4727
4734
542
2412
2251
4765
1810
4706
2255
2177
1952
1781
4772
2075
4722
4737
4751
4745
4755
4744
2414
4752
4757
669
4743
1950
1987
2260
4773/A
2472
1852
2413
2415
2422
2427
4756
4720
2425
2343
1788
2322
4771/A
2442
1709
4776/A
2482
2359
2369
4763/A
644
4352
4732
4748
2336
92
1621
1445
1937
2344
4761/A
4762/A
4767/A
4768/A
4769/A
4770/A
2471
2456
2421
4739
2331
2464
2210
2245
4735
2469
2476
2478
4747
4741
2002
4749
2328
2143
2479
2484
1745
2258
4774/A
2406
2299
4738
2447
2147
2323
2325
1959
2012
2440
2349
4758
1403
1491
2202
4766/A
4750

